client_id,email,firstname,lastname
1,lpbyrd@example.com,Lynne,Byrd
2,shightower@example.com,Skip,Hightower
3,mljohnson@example.com,Lynn,Johnson
4,vjones@example.com,Vonda,Jones
5,sbarlow@example.com,Sonja,Barlow
6,blondberg@example.com,Barbara,Londberg
7,sthomas@example.com,Shirley,Thomas
8,mbwilliams@example.com,Marlene,Williams
9,chancock@example.com,Charlotte,Hancock
10,rtheobald@example.com,Becky,Theobald
11,abrosencrantz@example.com,Amber,B. Rosencrantz
12,mcstevens@example.com,Melissa ,Stevens
13,jasingletary@example.com,Jessica, Singletary
14,tfielding@example.com,Teresa,Fielding
15,spclark@example.com,Sharonda ,Clark
16,hglass@example.com,Helen,Glass
17,cpballard@example.com,Courtney,Ballard
18,Donell.Cohen@example.com.org,Donell,Cohen
19,hank.smither@example.com.org,Hank,Smither
20,barbara.banks@example.com,Barbara,Banks
21,merilyn.cheatham@example.com,Merilyn,Cheatham
22,donna.thigpen@example.com,Donna,Thigpen
23,litha.hamilton@example.com,Litha,Hamilton
24,erica.gaines@example.com,Erica,Gaines
25,janet.williams@example.com,Janet,Williams Brown
26,regis.cook@example.com,Regis,Cook
27,dawna.dawkins@example.com,Dawna,Dawkins
28,martha.george@example.com,Martha,George
29,Glenda.Massee@example.com,Glenda,Massee
30,kim.beecher@example.com,Kim,Beecher
31,gpolley@example.com,Greg,Polley
32,tprevost@example.com,Teresa,Prevost
33,jmclendon@example.com,Joe,McLendon
34,MMaulding@example.com,Michelle,Maulding
35,CMoore@example.com,Crystal,Moore
36,camos@example.com,Carol,Amos
37,tstephenson@example.com,Tammie,Stephenson
38,cherbert@example.com,Carla,Herbert
39,cferguson@example.com,Cassie,Ferguson
40,cyelton@example.com,Cynthia,Yelton
41,ssmith@example.com,Sandra,Smith
42,srazor@example.com,Sharon,Haslem
43,kthompson@example.com,Kathy,Thompson
44,jdthomas@example.com,Jonnie,Thomas
45,fpowell@example.com,Frank,Powell
46,jperry@example.com,Michael,Perry
47,mpowers@example.com,Mike,Powers
48,wallen@example.com,Wendy,Allen
49,gcarter@example.com,Gail,Carter
50,dtharp@example.com,Daphne,Tharp
51,scarte@example.com,Sarah,Carte
52,jallen@example.com,Julie,Allen
53,tmitchell@example.com,Tracy,Mitchell
54,phatcher@example.com,Kay,Hatcher
55,pmanders@example.com,Pam,Manders
56,lcox@example.com,Leyla,Cox
57,mmedley@example.com,Lisa,Medley
58,phorne@example.com,Pam,Horne
59,smbryan@example.com,Shannon,Bryan
60,ldavis@example.com,Leah,Davis
61,lbruner@example.com,Lisa,Bruner
62,hholton@example.com,Harriet,Holton
63,reckert@example.com,Rhonda,Eckert
64,injohnso@example.com,Indica,Johnson
65,halee@example.com,Hollie,Lee
66,debbie.tocco@example.com,Debbie,Tocco
67,Lynne.bohling@example.com,Lynne,Bohling
68,Betty.overman@example.com,Betty,Overman
69,Linda.becker@example.com,Linda,Becker
70,Eacret.anne@example.com,Anne,Eacret
71,Mary.ehresman@example.com,Kate,Ehresman
72,Diana.mcclure@example.com,Diana,McClure
73,Christine.Mizia@example.com,Chris,Mizia
74,Rhonda.wesselman@example.com,Rhonda,Wesselman
75,Tammy.toliver@example.com,Tammy,Toliver
76,Brenda.douglas@example.com,Brenda,Douglas
77,Connie.quick@example.com,Connie,Quick
78,Perry.gale@example.com,Gale,Perry
79,Melissa.snyder@example.com,Melissa,Snyder
80,Cheryl.PanagopoulosNemeth@ssfhs.org,Cheryl,Panagopoulos
81,kimberly.mcdonald@example.com,Kim,McDonald
82,diane.collins@example.com,Diane,Collins
83,Julia.Bradley@example.com,Julia,Bradley
84,Cynthia.Schouten@example.com ,Cynthia,Schouten
85,Amberly.Hoffman@example.com,Amberly,Hoffman
86,Pat.wesley@example.com,Pat,Wesley
87,Laurie.wagner@example.com,Laurie,Wagner
88,caroline.best@example.com,Carrie,Best
89,Carolyn.ehresman@example.com,Carolyn,Ehresman
90,Cindy.jacobs@example.com,Cindy,Jacobs
91,Michelle.jubera@example.com,Michelle,Jubera
92,Jackie.nelson@example.com,Jackie,Nelson
93,Christine.stessl@example.com,Christine,Stessl
94,patricia.zaborowski@example.com,Pat,Zaborowski
95,Lisa.zimmerman@example.com,Lisa,Zimmerman
96,Dennis.griffis@example.com,Dennis,Griffis
97,Kim.sikora@example.com,Kim,Sikora
98,June.covel@example.com,June,Covel
99,Aleta.jewett@example.com,Aleta,Jewett
100,pamela.mysiewicz@example.com,Pam,Mysiewicz
101,Gwen.howard-porter@example.com,Gwen,Porter-Howard
102,Corrine.mcgehee@example.com,Corrine,McGehee
103,Beverly.mathews@example.com,Beverly,Mathews
104,Ellen.VillalobosLeek@example.com,Ellen,Villalobos
105,pamela.owens@example.com,Pamela,Owens
106,Latoya.Mills-Smith@example.com,Latoya,Mills-Smith
107,Pam.Kilcoyne@example.com,Pam,Kilcoyne
108,Barbara.Langton@example.com,Barbara,Langton
109,Patricia.Pacewic@example.com,Pat,Pacewic
110,Debra.Parker@example.com,Deb,Parker
111,Kathy.Posthumus@example.com,Kathy,Posthumus
112,Christine.Unruh@example.com,Christine,Unruh
113,Karen.Blank@example.com,Karen,Blank
114,Grace.vela@example.com,Grace,Vela
115,Patricia.Bouchard-Case@example.com,Pat,Bouchard-Case
116,Connie.anderson@example.com,Connie,Anderson
117,Michaele.hanrahan@example.com,Michaele,Hanrahan
118,Roxanne.bartusiewicz@example.com,Roxanne,Bartusiewicz
119,Alicia.blake@example.com,Alicia,Blake
120,Jason.hatton@example.com,Jason,Hatton
121,Annette.dorroll@example.com,Annette,Dorroll
122,Chris.nelson@example.com,Chris,Nelson
123,Joan.vessels@example.com,Joan,Vessels
124,Kendra.parsons@example.com,Kendra,Parsons
125,Teresa.buckles@example.com,Teresa,Heimbach-Buckles
126,Theresa.harmless@example.com,Theresa,Harmless
127,Sara.may@example.com,Sara,May
128,Mary.jafvert@example.com,Mary,Jafvert
129,Windy.Wickersham@example.com,Windy,Wickersham
130,Kristy.Stoup@example.com,Kristy,Stoup
131,Maureen.grady@example.com,Maureen,Grady
132,Linda.thorpe@example.com,Linda,Thorpe
133,Tina.Clawson@example.com,Tina,Clawson
134,Shannon.middleton@example.com,Shannon,Middleton
135,lisa.weaver@example.com,Lisa,Weaver
136,Mnichols-turner@example.com,Myesha,Nichols-Turner
137,abarreiro@example.com,Adrianna,Barreiro
138,troth@example.com,Tish,Roth
139,icastillo@example.com,Irma,Castillo
140,sstabler@example.com,Sharia,Stabler
141,jdeininger@example.com,Janet,Deininger
142,cordones@example.com,Casey,Ordones
143,mlange@example.com,Marilyn,Lange
144,ejones@example.com,Elmorine,Jones
145,lcaraway@example.com,Linda,Caraway
146,edove@example.com,Elizabeth,Dove
147,kayn@example.com,Kay,Neuendorff
148,pgreen@example.com,Pam,Green
149,pthomas@example.com,Pam,Thomas
150,bmcadams@example.com,Bobbie,McAdams
151,bpatterson@example.com,Brian,Patterson
152,cmccarter@example.com,Carinethia,McCarter
153,cdemps@example.com,Cheryl,Demps
154,dderemigio@example.com,Dana,DeRemigio
155,pwilkins@example.com,Penelope,Wilkins
156,jhamilton@example.com,Joann,Hamilton
157,marjoriecrawford@example.com,Marjorie,Crawford
158,rmeyer@example.com,Robbin,Meyer
159,vtarver@example.com,Videria,Tarver
160,jborseth@example.com,Joan,Borseth
161,tareonpooser@example.com,Tareon,Pooser
162,gmosely@example.com,Gilda,Mosely
163,cmims@example.com,Chrystal,Mims
164,kwalthour@example.com,Kim,Walthour
165,lpbyrd@example.com,Lynne,Byrd
166,shightower@example.com,Skip,Hightower
167,mljohnson@example.com,Lynn,Johnson
168,vjones@example.com,Vonda,Jones
169,sbarlow@example.com,Sonja,Barlow
170,blondberg@example.com,Barbara,Londberg
171,sthomas@example.com,Shirley,Thomas
172,mbwilliams@example.com,Marlene,Williams
173,chancock@example.com,Charlotte,Hancock
174,rtheobald@example.com,Becky,Theobald
175,abrosencrantz@example.com,Amber,B. Rosencrantz
176,mcstevens@example.com,Melissa ,Stevens
177,jasingletary@example.com,Jessica, Singletary
178,tfielding@example.com,Teresa,Fielding
179,spclark@example.com,Sharonda ,Clark
180,hglass@example.com,Helen,Glass
181,cpballard@example.com,Courtney,Ballard
182,Donell.Cohen@example.com.org,Donell,Cohen
183,hank.smither@example.com.org,Hank,Smither
184,barbara.banks@example.com,Barbara,Banks
185,merilyn.cheatham@example.com,Merilyn,Cheatham
186,donna.thigpen@example.com,Donna,Thigpen
187,litha.hamilton@example.com,Litha,Hamilton
188,erica.gaines@example.com,Erica,Gaines
189,janet.williams@example.com,Janet,Williams Brown
190,regis.cook@example.com,Regis,Cook
191,dawna.dawkins@example.com,Dawna,Dawkins
192,martha.george@example.com,Martha,George
193,Glenda.Massee@example.com,Glenda,Massee
194,kim.beecher@example.com,Kim,Beecher
195,gpolley@example.com,Greg,Polley
196,tprevost@example.com,Teresa,Prevost
197,jmclendon@example.com,Joe,McLendon
198,MMaulding@example.com,Michelle,Maulding
199,CMoore@example.com,Crystal,Moore
200,camos@example.com,Carol,Amos
201,tstephenson@example.com,Tammie,Stephenson
202,cherbert@example.com,Carla,Herbert
203,cferguson@example.com,Cassie,Ferguson
204,cyelton@example.com,Cynthia,Yelton
205,ssmith@example.com,Sandra,Smith
206,srazor@example.com,Sharon,Haslem
207,kthompson@example.com,Kathy,Thompson
208,jdthomas@example.com,Jonnie,Thomas
209,fpowell@example.com,Frank,Powell
210,jperry@example.com,Michael,Perry
211,mpowers@example.com,Mike,Powers
212,wallen@example.com,Wendy,Allen
213,gcarter@example.com,Gail,Carter
214,dtharp@example.com,Daphne,Tharp
215,scarte@example.com,Sarah,Carte
216,jallen@example.com,Julie,Allen
217,tmitchell@example.com,Tracy,Mitchell
218,phatcher@example.com,Kay,Hatcher
219,pmanders@example.com,Pam,Manders
220,lcox@example.com,Leyla,Cox
221,mmedley@example.com,Lisa,Medley
222,phorne@example.com,Pam,Horne
223,smbryan@example.com,Shannon,Bryan
224,ldavis@example.com,Leah,Davis
225,lbruner@example.com,Lisa,Bruner
226,hholton@example.com,Harriet,Holton
227,reckert@example.com,Rhonda,Eckert
228,injohnso@example.com,Indica,Johnson
229,halee@example.com,Hollie,Lee
230,debbie.tocco@example.com,Debbie,Tocco
231,Lynne.bohling@example.com,Lynne,Bohling
232,Betty.overman@example.com,Betty,Overman
233,Linda.becker@example.com,Linda,Becker
234,Eacret.anne@example.com,Anne,Eacret
235,Mary.ehresman@example.com,Kate,Ehresman
236,Diana.mcclure@example.com,Diana,McClure
237,Christine.Mizia@example.com,Chris,Mizia
238,Rhonda.wesselman@example.com,Rhonda,Wesselman
239,Tammy.toliver@example.com,Tammy,Toliver
240,Brenda.douglas@example.com,Brenda,Douglas
241,Connie.quick@example.com,Connie,Quick
242,Perry.gale@example.com,Gale,Perry
243,Melissa.snyder@example.com,Melissa,Snyder
244,Cheryl.PanagopoulosNemeth@ssfhs.org,Cheryl,Panagopoulos
245,kimberly.mcdonald@example.com,Kim,McDonald
246,diane.collins@example.com,Diane,Collins
247,Julia.Bradley@example.com,Julia,Bradley
248,Cynthia.Schouten@example.com ,Cynthia,Schouten
249,Amberly.Hoffman@example.com,Amberly,Hoffman
250,Pat.wesley@example.com,Pat,Wesley
251,Laurie.wagner@example.com,Laurie,Wagner
252,caroline.best@example.com,Carrie,Best
253,Carolyn.ehresman@example.com,Carolyn,Ehresman
254,Cindy.jacobs@example.com,Cindy,Jacobs
255,Michelle.jubera@example.com,Michelle,Jubera
256,Jackie.nelson@example.com,Jackie,Nelson
257,Christine.stessl@example.com,Christine,Stessl
258,patricia.zaborowski@example.com,Pat,Zaborowski
259,Lisa.zimmerman@example.com,Lisa,Zimmerman
260,Dennis.griffis@example.com,Dennis,Griffis
261,Kim.sikora@example.com,Kim,Sikora
262,June.covel@example.com,June,Covel
263,Aleta.jewett@example.com,Aleta,Jewett
264,pamela.mysiewicz@example.com,Pam,Mysiewicz
265,Gwen.howard-porter@example.com,Gwen,Porter-Howard
266,Corrine.mcgehee@example.com,Corrine,McGehee
267,Beverly.mathews@example.com,Beverly,Mathews
268,Ellen.VillalobosLeek@example.com,Ellen,Villalobos
269,pamela.owens@example.com,Pamela,Owens
270,Latoya.Mills-Smith@example.com,Latoya,Mills-Smith
271,Pam.Kilcoyne@example.com,Pam,Kilcoyne
272,Barbara.Langton@example.com,Barbara,Langton
273,Patricia.Pacewic@example.com,Pat,Pacewic
274,Debra.Parker@example.com,Deb,Parker
275,Kathy.Posthumus@example.com,Kathy,Posthumus
276,Christine.Unruh@example.com,Christine,Unruh
277,Karen.Blank@example.com,Karen,Blank
278,Grace.vela@example.com,Grace,Vela
279,Patricia.Bouchard-Case@example.com,Pat,Bouchard-Case
280,Connie.anderson@example.com,Connie,Anderson
281,Michaele.hanrahan@example.com,Michaele,Hanrahan
282,Roxanne.bartusiewicz@example.com,Roxanne,Bartusiewicz
283,Alicia.blake@example.com,Alicia,Blake
284,Jason.hatton@example.com,Jason,Hatton
285,Annette.dorroll@example.com,Annette,Dorroll
286,Chris.nelson@example.com,Chris,Nelson
287,Joan.vessels@example.com,Joan,Vessels
288,Kendra.parsons@example.com,Kendra,Parsons
289,Teresa.buckles@example.com,Teresa,Heimbach-Buckles
290,Theresa.harmless@example.com,Theresa,Harmless
291,Sara.may@example.com,Sara,May
292,Mary.jafvert@example.com,Mary,Jafvert
293,Windy.Wickersham@example.com,Windy,Wickersham
294,Kristy.Stoup@example.com,Kristy,Stoup
295,Maureen.grady@example.com,Maureen,Grady
296,Linda.thorpe@example.com,Linda,Thorpe
297,Tina.Clawson@example.com,Tina,Clawson
298,Shannon.middleton@example.com,Shannon,Middleton
299,lisa.weaver@example.com,Lisa,Weaver
300,Mnichols-turner@example.com,Myesha,Nichols-Turner
301,abarreiro@example.com,Adrianna,Barreiro
302,troth@example.com,Tish,Roth
303,icastillo@example.com,Irma,Castillo
304,sstabler@example.com,Sharia,Stabler
305,jdeininger@example.com,Janet,Deininger
306,cordones@example.com,Casey,Ordones
307,mlange@example.com,Marilyn,Lange
308,ejones@example.com,Elmorine,Jones
309,lcaraway@example.com,Linda,Caraway
310,edove@example.com,Elizabeth,Dove
311,kayn@example.com,Kay,Neuendorff
312,pgreen@example.com,Pam,Green
313,pthomas@example.com,Pam,Thomas
314,bmcadams@example.com,Bobbie,McAdams
315,bpatterson@example.com,Brian,Patterson
316,cmccarter@example.com,Carinethia,McCarter
317,cdemps@example.com,Cheryl,Demps
318,dderemigio@example.com,Dana,DeRemigio
319,pwilkins@example.com,Penelope,Wilkins
320,jhamilton@example.com,Joann,Hamilton
321,marjoriecrawford@example.com,Marjorie,Crawford
322,rmeyer@example.com,Robbin,Meyer
323,vtarver@example.com,Videria,Tarver
324,jborseth@example.com,Joan,Borseth
325,tareonpooser@example.com,Tareon,Pooser
326,gmosely@example.com,Gilda,Mosely
327,cmims@example.com,Chrystal,Mims
328,kwalthour@example.com,Kim,Walthour
329,lpbyrd@example.com,Lynne,Byrd
330,shightower@example.com,Skip,Hightower
331,mljohnson@example.com,Lynn,Johnson
332,vjones@example.com,Vonda,Jones
333,sbarlow@example.com,Sonja,Barlow
334,blondberg@example.com,Barbara,Londberg
335,sthomas@example.com,Shirley,Thomas
336,mbwilliams@example.com,Marlene,Williams
337,chancock@example.com,Charlotte,Hancock
338,rtheobald@example.com,Becky,Theobald
339,abrosencrantz@example.com,Amber,B. Rosencrantz
340,mcstevens@example.com,Melissa ,Stevens
341,jasingletary@example.com,Jessica, Singletary
342,tfielding@example.com,Teresa,Fielding
343,spclark@example.com,Sharonda ,Clark
344,hglass@example.com,Helen,Glass
345,cpballard@example.com,Courtney,Ballard
346,Donell.Cohen@example.com.org,Donell,Cohen
347,hank.smither@example.com.org,Hank,Smither
348,barbara.banks@example.com,Barbara,Banks
349,merilyn.cheatham@example.com,Merilyn,Cheatham
350,donna.thigpen@example.com,Donna,Thigpen
351,litha.hamilton@example.com,Litha,Hamilton
352,erica.gaines@example.com,Erica,Gaines
353,janet.williams@example.com,Janet,Williams Brown
354,regis.cook@example.com,Regis,Cook
355,dawna.dawkins@example.com,Dawna,Dawkins
356,martha.george@example.com,Martha,George
357,Glenda.Massee@example.com,Glenda,Massee
358,kim.beecher@example.com,Kim,Beecher
359,gpolley@example.com,Greg,Polley
360,tprevost@example.com,Teresa,Prevost
361,jmclendon@example.com,Joe,McLendon
362,MMaulding@example.com,Michelle,Maulding
363,CMoore@example.com,Crystal,Moore
364,camos@example.com,Carol,Amos
365,tstephenson@example.com,Tammie,Stephenson
366,cherbert@example.com,Carla,Herbert
367,cferguson@example.com,Cassie,Ferguson
368,cyelton@example.com,Cynthia,Yelton
369,ssmith@example.com,Sandra,Smith
370,srazor@example.com,Sharon,Haslem
371,kthompson@example.com,Kathy,Thompson
372,jdthomas@example.com,Jonnie,Thomas
373,fpowell@example.com,Frank,Powell
374,jperry@example.com,Michael,Perry
375,mpowers@example.com,Mike,Powers
376,wallen@example.com,Wendy,Allen
377,gcarter@example.com,Gail,Carter
378,dtharp@example.com,Daphne,Tharp
379,scarte@example.com,Sarah,Carte
380,jallen@example.com,Julie,Allen
381,tmitchell@example.com,Tracy,Mitchell
382,phatcher@example.com,Kay,Hatcher
383,pmanders@example.com,Pam,Manders
384,lcox@example.com,Leyla,Cox
385,mmedley@example.com,Lisa,Medley
386,phorne@example.com,Pam,Horne
387,smbryan@example.com,Shannon,Bryan
388,ldavis@example.com,Leah,Davis
389,lbruner@example.com,Lisa,Bruner
390,hholton@example.com,Harriet,Holton
391,reckert@example.com,Rhonda,Eckert
392,injohnso@example.com,Indica,Johnson
393,halee@example.com,Hollie,Lee
394,debbie.tocco@example.com,Debbie,Tocco
395,Lynne.bohling@example.com,Lynne,Bohling
396,Betty.overman@example.com,Betty,Overman
397,Linda.becker@example.com,Linda,Becker
398,Eacret.anne@example.com,Anne,Eacret
399,Mary.ehresman@example.com,Kate,Ehresman
400,Diana.mcclure@example.com,Diana,McClure
401,Christine.Mizia@example.com,Chris,Mizia
402,Rhonda.wesselman@example.com,Rhonda,Wesselman
403,Tammy.toliver@example.com,Tammy,Toliver
404,Brenda.douglas@example.com,Brenda,Douglas
405,Connie.quick@example.com,Connie,Quick
406,Perry.gale@example.com,Gale,Perry
407,Melissa.snyder@example.com,Melissa,Snyder
408,Cheryl.PanagopoulosNemeth@ssfhs.org,Cheryl,Panagopoulos
409,kimberly.mcdonald@example.com,Kim,McDonald
410,diane.collins@example.com,Diane,Collins
411,Julia.Bradley@example.com,Julia,Bradley
412,Cynthia.Schouten@example.com ,Cynthia,Schouten
413,Amberly.Hoffman@example.com,Amberly,Hoffman
414,Pat.wesley@example.com,Pat,Wesley
415,Laurie.wagner@example.com,Laurie,Wagner
416,caroline.best@example.com,Carrie,Best
417,Carolyn.ehresman@example.com,Carolyn,Ehresman
418,Cindy.jacobs@example.com,Cindy,Jacobs
419,Michelle.jubera@example.com,Michelle,Jubera
420,Jackie.nelson@example.com,Jackie,Nelson
421,Christine.stessl@example.com,Christine,Stessl
422,patricia.zaborowski@example.com,Pat,Zaborowski
423,Lisa.zimmerman@example.com,Lisa,Zimmerman
424,Dennis.griffis@example.com,Dennis,Griffis
425,Kim.sikora@example.com,Kim,Sikora
426,June.covel@example.com,June,Covel
427,Aleta.jewett@example.com,Aleta,Jewett
428,pamela.mysiewicz@example.com,Pam,Mysiewicz
429,Gwen.howard-porter@example.com,Gwen,Porter-Howard
430,Corrine.mcgehee@example.com,Corrine,McGehee
431,Beverly.mathews@example.com,Beverly,Mathews
432,Ellen.VillalobosLeek@example.com,Ellen,Villalobos
433,pamela.owens@example.com,Pamela,Owens
434,Latoya.Mills-Smith@example.com,Latoya,Mills-Smith
435,Pam.Kilcoyne@example.com,Pam,Kilcoyne
436,Barbara.Langton@example.com,Barbara,Langton
437,Patricia.Pacewic@example.com,Pat,Pacewic
438,Debra.Parker@example.com,Deb,Parker
439,Kathy.Posthumus@example.com,Kathy,Posthumus
440,Christine.Unruh@example.com,Christine,Unruh
441,Karen.Blank@example.com,Karen,Blank
442,Grace.vela@example.com,Grace,Vela
443,Patricia.Bouchard-Case@example.com,Pat,Bouchard-Case
444,Connie.anderson@example.com,Connie,Anderson
445,Michaele.hanrahan@example.com,Michaele,Hanrahan
446,Roxanne.bartusiewicz@example.com,Roxanne,Bartusiewicz
447,Alicia.blake@example.com,Alicia,Blake
448,Jason.hatton@example.com,Jason,Hatton
449,Annette.dorroll@example.com,Annette,Dorroll
450,Chris.nelson@example.com,Chris,Nelson
451,Joan.vessels@example.com,Joan,Vessels
452,Kendra.parsons@example.com,Kendra,Parsons
453,Teresa.buckles@example.com,Teresa,Heimbach-Buckles
454,Theresa.harmless@example.com,Theresa,Harmless
455,Sara.may@example.com,Sara,May
456,Mary.jafvert@example.com,Mary,Jafvert
457,Windy.Wickersham@example.com,Windy,Wickersham
458,Kristy.Stoup@example.com,Kristy,Stoup
459,Maureen.grady@example.com,Maureen,Grady
460,Linda.thorpe@example.com,Linda,Thorpe
461,Tina.Clawson@example.com,Tina,Clawson
462,Shannon.middleton@example.com,Shannon,Middleton
463,lisa.weaver@example.com,Lisa,Weaver
464,Mnichols-turner@example.com,Myesha,Nichols-Turner
465,abarreiro@example.com,Adrianna,Barreiro
466,troth@example.com,Tish,Roth
467,icastillo@example.com,Irma,Castillo
468,sstabler@example.com,Sharia,Stabler
469,jdeininger@example.com,Janet,Deininger
470,cordones@example.com,Casey,Ordones
471,mlange@example.com,Marilyn,Lange
472,ejones@example.com,Elmorine,Jones
473,lcaraway@example.com,Linda,Caraway
474,edove@example.com,Elizabeth,Dove
475,kayn@example.com,Kay,Neuendorff
476,pgreen@example.com,Pam,Green
477,pthomas@example.com,Pam,Thomas
478,bmcadams@example.com,Bobbie,McAdams
479,bpatterson@example.com,Brian,Patterson
480,cmccarter@example.com,Carinethia,McCarter
481,cdemps@example.com,Cheryl,Demps
482,dderemigio@example.com,Dana,DeRemigio
483,pwilkins@example.com,Penelope,Wilkins
484,jhamilton@example.com,Joann,Hamilton
485,marjoriecrawford@example.com,Marjorie,Crawford
486,rmeyer@example.com,Robbin,Meyer
487,vtarver@example.com,Videria,Tarver
488,jborseth@example.com,Joan,Borseth
489,tareonpooser@example.com,Tareon,Pooser
490,gmosely@example.com,Gilda,Mosely
491,cmims@example.com,Chrystal,Mims
492,kwalthour@example.com,Kim,Walthour
493,lpbyrd@example.com,Lynne,Byrd
494,shightower@example.com,Skip,Hightower
495,mljohnson@example.com,Lynn,Johnson
496,vjones@example.com,Vonda,Jones
497,sbarlow@example.com,Sonja,Barlow
498,blondberg@example.com,Barbara,Londberg
499,sthomas@example.com,Shirley,Thomas
500,mbwilliams@example.com,Marlene,Williams
501,chancock@example.com,Charlotte,Hancock
502,rtheobald@example.com,Becky,Theobald
503,abrosencrantz@example.com,Amber,B. Rosencrantz
504,mcstevens@example.com,Melissa ,Stevens
505,jasingletary@example.com,Jessica, Singletary
506,tfielding@example.com,Teresa,Fielding
507,spclark@example.com,Sharonda ,Clark
508,hglass@example.com,Helen,Glass
509,cpballard@example.com,Courtney,Ballard
510,Donell.Cohen@example.com.org,Donell,Cohen
511,hank.smither@example.com.org,Hank,Smither
512,barbara.banks@example.com,Barbara,Banks
513,merilyn.cheatham@example.com,Merilyn,Cheatham
514,donna.thigpen@example.com,Donna,Thigpen
515,litha.hamilton@example.com,Litha,Hamilton
516,erica.gaines@example.com,Erica,Gaines
517,janet.williams@example.com,Janet,Williams Brown
518,regis.cook@example.com,Regis,Cook
519,dawna.dawkins@example.com,Dawna,Dawkins
520,martha.george@example.com,Martha,George
521,Glenda.Massee@example.com,Glenda,Massee
522,kim.beecher@example.com,Kim,Beecher
523,gpolley@example.com,Greg,Polley
524,tprevost@example.com,Teresa,Prevost
525,jmclendon@example.com,Joe,McLendon
526,MMaulding@example.com,Michelle,Maulding
527,CMoore@example.com,Crystal,Moore
528,camos@example.com,Carol,Amos
529,tstephenson@example.com,Tammie,Stephenson
530,cherbert@example.com,Carla,Herbert
531,cferguson@example.com,Cassie,Ferguson
532,cyelton@example.com,Cynthia,Yelton
533,ssmith@example.com,Sandra,Smith
534,srazor@example.com,Sharon,Haslem
535,kthompson@example.com,Kathy,Thompson
536,jdthomas@example.com,Jonnie,Thomas
537,fpowell@example.com,Frank,Powell
538,jperry@example.com,Michael,Perry
539,mpowers@example.com,Mike,Powers
540,wallen@example.com,Wendy,Allen
541,gcarter@example.com,Gail,Carter
542,dtharp@example.com,Daphne,Tharp
543,scarte@example.com,Sarah,Carte
544,jallen@example.com,Julie,Allen
545,tmitchell@example.com,Tracy,Mitchell
546,phatcher@example.com,Kay,Hatcher
547,pmanders@example.com,Pam,Manders
548,lcox@example.com,Leyla,Cox
549,mmedley@example.com,Lisa,Medley
550,phorne@example.com,Pam,Horne
551,smbryan@example.com,Shannon,Bryan
552,ldavis@example.com,Leah,Davis
553,lbruner@example.com,Lisa,Bruner
554,hholton@example.com,Harriet,Holton
555,reckert@example.com,Rhonda,Eckert
556,injohnso@example.com,Indica,Johnson
557,halee@example.com,Hollie,Lee
558,debbie.tocco@example.com,Debbie,Tocco
559,Lynne.bohling@example.com,Lynne,Bohling
560,Betty.overman@example.com,Betty,Overman
561,Linda.becker@example.com,Linda,Becker
562,Eacret.anne@example.com,Anne,Eacret
563,Mary.ehresman@example.com,Kate,Ehresman
564,Diana.mcclure@example.com,Diana,McClure
565,Christine.Mizia@example.com,Chris,Mizia
566,Rhonda.wesselman@example.com,Rhonda,Wesselman
567,Tammy.toliver@example.com,Tammy,Toliver
568,Brenda.douglas@example.com,Brenda,Douglas
569,Connie.quick@example.com,Connie,Quick
570,Perry.gale@example.com,Gale,Perry
571,Melissa.snyder@example.com,Melissa,Snyder
572,Cheryl.PanagopoulosNemeth@ssfhs.org,Cheryl,Panagopoulos
573,kimberly.mcdonald@example.com,Kim,McDonald
574,diane.collins@example.com,Diane,Collins
575,Julia.Bradley@example.com,Julia,Bradley
576,Cynthia.Schouten@example.com ,Cynthia,Schouten
577,Amberly.Hoffman@example.com,Amberly,Hoffman
578,Pat.wesley@example.com,Pat,Wesley
579,Laurie.wagner@example.com,Laurie,Wagner
580,caroline.best@example.com,Carrie,Best
581,Carolyn.ehresman@example.com,Carolyn,Ehresman
582,Cindy.jacobs@example.com,Cindy,Jacobs
583,Michelle.jubera@example.com,Michelle,Jubera
584,Jackie.nelson@example.com,Jackie,Nelson
585,Christine.stessl@example.com,Christine,Stessl
586,patricia.zaborowski@example.com,Pat,Zaborowski
587,Lisa.zimmerman@example.com,Lisa,Zimmerman
588,Dennis.griffis@example.com,Dennis,Griffis
589,Kim.sikora@example.com,Kim,Sikora
590,June.covel@example.com,June,Covel
591,Aleta.jewett@example.com,Aleta,Jewett
592,pamela.mysiewicz@example.com,Pam,Mysiewicz
593,Gwen.howard-porter@example.com,Gwen,Porter-Howard
594,Corrine.mcgehee@example.com,Corrine,McGehee
595,Beverly.mathews@example.com,Beverly,Mathews
596,Ellen.VillalobosLeek@example.com,Ellen,Villalobos
597,pamela.owens@example.com,Pamela,Owens
598,Latoya.Mills-Smith@example.com,Latoya,Mills-Smith
599,Pam.Kilcoyne@example.com,Pam,Kilcoyne
600,Barbara.Langton@example.com,Barbara,Langton
601,Patricia.Pacewic@example.com,Pat,Pacewic
602,Debra.Parker@example.com,Deb,Parker
603,Kathy.Posthumus@example.com,Kathy,Posthumus
604,Christine.Unruh@example.com,Christine,Unruh
605,Karen.Blank@example.com,Karen,Blank
606,Grace.vela@example.com,Grace,Vela
607,Patricia.Bouchard-Case@example.com,Pat,Bouchard-Case
608,Connie.anderson@example.com,Connie,Anderson
609,Michaele.hanrahan@example.com,Michaele,Hanrahan
610,Roxanne.bartusiewicz@example.com,Roxanne,Bartusiewicz
611,Alicia.blake@example.com,Alicia,Blake
612,Jason.hatton@example.com,Jason,Hatton
613,Annette.dorroll@example.com,Annette,Dorroll
614,Chris.nelson@example.com,Chris,Nelson
615,Joan.vessels@example.com,Joan,Vessels
616,Kendra.parsons@example.com,Kendra,Parsons
617,Teresa.buckles@example.com,Teresa,Heimbach-Buckles
618,Theresa.harmless@example.com,Theresa,Harmless
619,Sara.may@example.com,Sara,May
620,Mary.jafvert@example.com,Mary,Jafvert
621,Windy.Wickersham@example.com,Windy,Wickersham
622,Kristy.Stoup@example.com,Kristy,Stoup
623,Maureen.grady@example.com,Maureen,Grady
624,Linda.thorpe@example.com,Linda,Thorpe
625,Tina.Clawson@example.com,Tina,Clawson
626,Shannon.middleton@example.com,Shannon,Middleton
627,lisa.weaver@example.com,Lisa,Weaver
628,Mnichols-turner@example.com,Myesha,Nichols-Turner
629,abarreiro@example.com,Adrianna,Barreiro
630,troth@example.com,Tish,Roth
631,icastillo@example.com,Irma,Castillo
632,sstabler@example.com,Sharia,Stabler
633,jdeininger@example.com,Janet,Deininger
634,cordones@example.com,Casey,Ordones
635,mlange@example.com,Marilyn,Lange
636,ejones@example.com,Elmorine,Jones
637,lcaraway@example.com,Linda,Caraway
638,edove@example.com,Elizabeth,Dove
639,kayn@example.com,Kay,Neuendorff
640,pgreen@example.com,Pam,Green
641,pthomas@example.com,Pam,Thomas
642,bmcadams@example.com,Bobbie,McAdams
643,bpatterson@example.com,Brian,Patterson
644,cmccarter@example.com,Carinethia,McCarter
645,cdemps@example.com,Cheryl,Demps
646,dderemigio@example.com,Dana,DeRemigio
647,pwilkins@example.com,Penelope,Wilkins
648,jhamilton@example.com,Joann,Hamilton
649,marjoriecrawford@example.com,Marjorie,Crawford
650,rmeyer@example.com,Robbin,Meyer
651,vtarver@example.com,Videria,Tarver
652,jborseth@example.com,Joan,Borseth
653,tareonpooser@example.com,Tareon,Pooser
654,gmosely@example.com,Gilda,Mosely
655,cmims@example.com,Chrystal,Mims
656,kwalthour@example.com,Kim,Walthour
